{"cameraMode":{"drawMode":0,"name":"Shaded","section":"Shading Mode"},"sceneLighting":false,"audioPlay":false,"sceneViewState":{"showFog":true,"showMaterialUpdate":false,"showSkybox":true,"showFlares":true,"showImageEffects":true,"showParticleSystems":true},"in2DMode":false,"pivot":{"x":-0.4000000059604645,"y":0.8299999237060547,"z":-50.630001068115237},"rotation":{"x":0.0992027148604393,"y":0.6939077973365784,"z":-0.09743300080299378,"w":0.7065109014511108},"size":2.268542766571045,"orthographic":false}