{"cameraMode":{"drawMode":0,"name":"Shaded","section":"Shading Mode"},"sceneLighting":false,"audioPlay":false,"sceneViewState":{"showFog":true,"showMaterialUpdate":false,"showSkybox":true,"showFlares":true,"showImageEffects":true,"showParticleSystems":true},"in2DMode":false,"pivot":{"x":-0.4000000059604645,"y":0.8299999237060547,"z":-50.630001068115237},"rotation":{"x":0.15776006877422334,"y":0.6892840266227722,"z":-0.15776020288467408,"w":0.689283013343811},"size":2.268542766571045,"orthographic":false}