{"cameraMode":{"drawMode":0,"name":"Shaded","section":"Shading Mode"},"sceneLighting":false,"audioPlay":false,"sceneViewState":{"showFog":true,"showMaterialUpdate":false,"showSkybox":true,"showFlares":true,"showImageEffects":true,"showParticleSystems":true},"in2DMode":false,"pivot":{"x":24.742263793945314,"y":-7.744018077850342,"z":3.6619656085968019},"rotation":{"x":-0.1354101002216339,"y":-0.6634750962257385,"z":0.12278658896684647,"w":-0.7255263328552246},"size":31.06317710876465,"orthographic":false}