{"cameraMode":{"drawMode":0,"name":"Shaded","section":"Shading Mode"},"sceneLighting":false,"audioPlay":false,"sceneViewState":{"showFog":true,"showMaterialUpdate":false,"showSkybox":true,"showFlares":true,"showImageEffects":true,"showParticleSystems":true},"in2DMode":false,"pivot":{"x":-12.852681159973145,"y":4.5146331787109379,"z":-10.170000076293946},"rotation":{"x":0.11727222800254822,"y":0.8416185975074768,"z":-0.20095665752887727,"w":0.4873827397823334},"size":4.041658401489258,"orthographic":false}