{"cameraMode":{"drawMode":0,"name":"Shaded","section":"Shading Mode"},"sceneLighting":false,"audioPlay":false,"sceneViewState":{"showFog":true,"showMaterialUpdate":false,"showSkybox":true,"showFlares":true,"showImageEffects":true,"showParticleSystems":true},"in2DMode":false,"pivot":{"x":2.0899999141693117,"y":0.17999999225139619,"z":3.440000057220459},"rotation":{"x":0.11727222800254822,"y":0.8416185975074768,"z":-0.20095661282539369,"w":0.4873826503753662},"size":1.974997878074646,"orthographic":false}