{"cameraMode":{"drawMode":0,"name":"Shaded","section":"Shading Mode"},"sceneLighting":false,"audioPlay":false,"sceneViewState":{"showFog":true,"showMaterialUpdate":false,"showSkybox":true,"showFlares":true,"showImageEffects":true,"showParticleSystems":true},"in2DMode":false,"pivot":{"x":-1.550637125968933,"y":0.2983415722846985,"z":-0.18157649040222169},"rotation":{"x":0.1478108912706375,"y":0.6700015068054199,"z":-0.137572780251503,"w":0.7143694162368774},"size":1.0252685546875,"orthographic":false}