{"cameraMode":{"drawMode":0,"name":"Shaded","section":"Shading Mode"},"sceneLighting":false,"audioPlay":false,"sceneViewState":{"showFog":true,"showMaterialUpdate":false,"showSkybox":true,"showFlares":true,"showImageEffects":true,"showParticleSystems":true},"in2DMode":false,"pivot":{"x":13.600000381469727,"y":0.9099999666213989,"z":-16.39999771118164},"rotation":{"x":0.14265382289886475,"y":0.7181292772293091,"z":-0.15442274510860444,"w":0.6633957028388977},"size":78.30135345458985,"orthographic":false}