{"cameraMode":{"drawMode":0,"name":"Shaded","section":"Shading Mode"},"sceneLighting":false,"audioPlay":false,"sceneViewState":{"showFog":true,"showMaterialUpdate":false,"showSkybox":true,"showFlares":true,"showImageEffects":true,"showParticleSystems":true},"in2DMode":false,"pivot":{"x":-0.000039458274841308594,"y":2.8566524982452394,"z":-0.00022554397583007813},"rotation":{"x":0.23927916586399079,"y":0.6679530739784241,"z":-0.2400987446308136,"w":0.6625230312347412},"size":12.895333290100098,"orthographic":false}