{"cameraMode":{"drawMode":0,"name":"Shaded","section":"Shading Mode"},"sceneLighting":true,"audioPlay":false,"sceneViewState":{"showFog":true,"showMaterialUpdate":false,"showSkybox":true,"showFlares":true,"showImageEffects":true,"showParticleSystems":true},"in2DMode":false,"pivot":{"x":-3.905637502670288,"y":9.382492065429688,"z":-1.230910301208496},"rotation":{"x":0.03861846402287483,"y":0.9612187743186951,"z":-0.18386492133140565,"w":0.20189309120178224},"size":10.0,"orthographic":false}