{"cameraMode":{"drawMode":0,"name":"Shaded","section":"Shading Mode"},"sceneLighting":false,"audioPlay":false,"sceneViewState":{"showFog":true,"showMaterialUpdate":false,"showSkybox":true,"showFlares":true,"showImageEffects":true,"showParticleSystems":true},"in2DMode":false,"pivot":{"x":-0.0202178955078125,"y":-0.46000000834465029,"z":-6.821399688720703},"rotation":{"x":0.038618460297584537,"y":0.9612187147140503,"z":-0.18386490643024445,"w":0.20189307630062104},"size":23.334524154663087,"orthographic":false}